timestamp,probability,top_station
2023-10-02 00:00:00,0.11920292202211755,chungthang
2023-10-02 00:10:00,0.11920292202211755,chungthang
2023-10-02 00:20:00,0.11920292202211755,chungthang
2023-10-02 00:30:00,0.11920292202211755,chungthang
2023-10-02 00:40:00,0.11920292202211755,chungthang
2023-10-02 00:50:00,0.11920292202211755,chungthang
2023-10-02 01:00:00,0.11920292202211755,chungthang
2023-10-02 01:10:00,0.11920292202211755,chungthang
2023-10-02 01:20:00,0.11920292202211755,chungthang
2023-10-02 01:30:00,0.11920292202211755,chungthang
2023-10-02 01:40:00,0.11920292202211755,chungthang
2023-10-02 01:50:00,0.11920292202211755,chungthang
2023-10-02 02:00:00,0.17388092666522748,mangan
2023-10-02 02:10:00,0.2518091855527491,dikchu
2023-10-02 02:20:00,0.17879060831337945,singtam
2023-10-02 02:30:00,0.1824141732172768,lachen
2023-10-02 02:40:00,0.15344801689040857,chungthang
2023-10-02 02:50:00,0.19534606765840307,gyalshing
2023-10-02 03:00:00,0.1950500345272218,dikchu
2023-10-02 03:10:00,0.3485478340667237,gangtok
2023-10-02 03:20:00,0.25830443486709664,dikchu
2023-10-02 03:30:00,0.29474862232361015,gangtok
2023-10-02 03:40:00,0.14993291964540015,gyalshing
2023-10-02 03:50:00,0.1800462079031345,singtam
2023-10-02 04:00:00,0.22307499008909373,mangan
2023-10-02 04:10:00,0.17265326407338097,lachen
2023-10-02 04:20:00,0.27344044570800696,lachen
2023-10-02 04:30:00,0.31455119495422296,singtam
2023-10-02 04:40:00,0.1950165330899806,lachen
2023-10-02 04:50:00,0.2235465138237312,chungthang
2023-10-02 05:00:00,0.173640763814043,gyalshing
2023-10-02 05:10:00,0.24785405261865628,singtam
2023-10-02 05:20:00,0.18428590959212957,mangan
2023-10-02 05:30:00,0.21305077138159753,lachen
2023-10-02 05:40:00,0.1840688108712063,gyalshing
2023-10-02 05:50:00,0.6090103766980514,gyalshing
2023-10-02 06:00:00,0.18261783570138537,mangan
2023-10-02 06:10:00,0.2892641260638147,lachen
2023-10-02 06:20:00,0.2638344689142378,singtam
2023-10-02 06:30:00,0.20383217004374396,lachen
2023-10-02 06:40:00,0.17746397885706544,singtam
2023-10-02 06:50:00,0.2865532216657926,mangan
2023-10-02 07:00:00,0.19055499742271295,singtam
2023-10-02 07:10:00,0.22548697978716772,mangan
2023-10-02 07:20:00,0.17060735842945443,chungthang
2023-10-02 07:30:00,0.2776674072827464,dikchu
2023-10-02 07:40:00,0.17417803673007548,chungthang
2023-10-02 07:50:00,0.35578207383778854,lachen
2023-10-02 08:00:00,0.21383831329693165,mangan
2023-10-02 08:10:00,0.2676849318178003,lachen
2023-10-02 08:20:00,0.180927697547765,chungthang
2023-10-02 08:30:00,0.36130386426818967,singtam
2023-10-02 08:40:00,0.25933879712389485,chungthang
2023-10-02 08:50:00,0.24910032268084167,singtam
2023-10-02 09:00:00,0.33306420366354184,dikchu
2023-10-02 09:10:00,0.26281192239452017,chungthang
2023-10-02 09:20:00,0.17251456527472378,chungthang
2023-10-02 09:30:00,0.20350514774830702,chungthang
2023-10-02 09:40:00,0.24343003130211524,mangan
2023-10-02 09:50:00,0.26275402874025366,singtam
2023-10-02 10:00:00,0.15584248334075623,gangtok
2023-10-02 10:10:00,0.27823160358887683,chungthang
2023-10-02 10:20:00,0.5116881928569191,gyalshing
2023-10-02 10:30:00,0.2579640166483288,singtam
2023-10-02 10:40:00,0.19851383741350195,singtam
2023-10-02 10:50:00,0.25793388799685535,gyalshing
2023-10-02 11:00:00,0.20188621823884126,lachen
2023-10-02 11:10:00,0.24483661929195502,singtam
2023-10-02 11:20:00,0.204061220604314,lachen
2023-10-02 11:30:00,0.19987128620635544,dikchu
2023-10-02 11:40:00,0.3058170338053954,gangtok
2023-10-02 11:50:00,0.2746415406161702,chungthang
2023-10-02 12:00:00,0.18324527011638736,gyalshing
2023-10-02 12:10:00,0.5077254125517694,gangtok
2023-10-02 12:20:00,0.2127077774795602,gangtok
2023-10-02 12:30:00,0.2367078681129257,dikchu
2023-10-02 12:40:00,0.1691618177130265,mangan
2023-10-02 12:50:00,0.199936102590448,singtam
2023-10-02 13:00:00,0.24357112113790383,mangan
2023-10-02 13:10:00,0.18688320616186724,dikchu
2023-10-02 13:20:00,0.19211412371108572,singtam
2023-10-02 13:30:00,0.25634175695974204,mangan
2023-10-02 13:40:00,0.21741531398462927,gangtok
2023-10-02 13:50:00,0.5873267766351186,gangtok
2023-10-02 14:00:00,0.18735937303774317,mangan
2023-10-02 14:10:00,0.1968938604728398,dikchu
2023-10-02 14:20:00,0.2430091992790485,lachen
2023-10-02 14:30:00,0.23718753226582018,gangtok
2023-10-02 14:40:00,0.1899008512737717,chungthang
2023-10-02 14:50:00,0.23609433753972817,singtam
2023-10-02 15:00:00,0.18986252902298692,chungthang
2023-10-02 15:10:00,0.19363618601139726,mangan
2023-10-02 15:20:00,0.15569145865482337,singtam
2023-10-02 15:30:00,0.35027977197121135,dikchu
2023-10-02 15:40:00,0.20684109789464203,mangan
2023-10-02 15:50:00,0.20322996838697813,chungthang
2023-10-02 16:00:00,0.34172661506438273,dikchu
2023-10-02 16:10:00,0.2875386406861149,singtam
2023-10-02 16:20:00,0.1561078548106207,gangtok
2023-10-02 16:30:00,0.25366121123808205,mangan
2023-10-02 16:40:00,0.24393665918130292,dikchu
2023-10-02 16:50:00,0.21222190208637123,mangan
2023-10-02 17:00:00,0.17107984131094497,mangan
2023-10-02 17:10:00,0.23538440780635772,chungthang
2023-10-02 17:20:00,0.20679371795408424,chungthang
2023-10-02 17:30:00,0.2165362073039013,gangtok
2023-10-02 17:40:00,0.5794346063699226,gangtok
2023-10-02 17:50:00,0.2547671437028065,lachen
2023-10-02 18:00:00,0.20217013774146805,mangan
2023-10-02 18:10:00,0.27078496158795623,singtam
2023-10-02 18:20:00,0.23141348761264727,gangtok
2023-10-02 18:30:00,0.20744292234409073,singtam
2023-10-02 18:40:00,0.24796991151497763,lachen
2023-10-02 18:50:00,0.1776063919379993,dikchu
2023-10-02 19:00:00,0.2902993029082437,chungthang
2023-10-02 19:10:00,0.19114522210191853,lachen
2023-10-02 19:20:00,0.17934169403618302,mangan
2023-10-02 19:30:00,0.17256927490878657,dikchu
2023-10-02 19:40:00,0.2625518267427013,gangtok
2023-10-02 19:50:00,0.24277753225897514,chungthang
2023-10-02 20:00:00,0.2504920994385442,gangtok
2023-10-02 20:10:00,0.26326764773325095,dikchu
2023-10-02 20:20:00,0.24313965896988204,lachen
2023-10-02 20:30:00,0.13804005990868978,gangtok
2023-10-02 20:40:00,0.22047659330337693,gyalshing
2023-10-02 20:50:00,0.16029149003499177,mangan
2023-10-02 21:00:00,0.24661417048799436,singtam
2023-10-02 21:10:00,0.2522046765389302,gyalshing
2023-10-02 21:20:00,0.15289913546321662,lachen
2023-10-02 21:30:00,0.18785860551496722,dikchu
2023-10-02 21:40:00,0.1985604152880744,lachen
2023-10-02 21:50:00,0.22016777424400502,singtam
2023-10-02 22:00:00,0.1775052412721219,chungthang
2023-10-02 22:10:00,0.25701926177834045,gangtok
2023-10-02 22:20:00,0.2181849554351099,singtam
2023-10-02 22:30:00,0.22691108065472446,mangan
2023-10-02 22:40:00,0.22262885511838887,singtam
2023-10-02 22:50:00,0.14764020390032256,mangan
2023-10-02 23:00:00,0.29318613330125165,mangan
2023-10-02 23:10:00,0.21106537043663345,singtam
2023-10-02 23:20:00,0.3978739820119574,gyalshing
2023-10-02 23:30:00,0.1627220649608022,gyalshing
2023-10-02 23:40:00,0.1981710649297541,chungthang
2023-10-02 23:50:00,0.2512286343379374,gyalshing
2023-10-03 00:00:00,0.3360880852002418,gyalshing
2023-10-03 00:10:00,0.16886951406616832,chungthang
2023-10-03 00:20:00,0.2590191890022566,mangan
2023-10-03 00:30:00,0.2146965707936815,gangtok
2023-10-03 00:40:00,0.2799565345196441,mangan
2023-10-03 00:50:00,0.18821084759399873,singtam
2023-10-03 01:00:00,0.18853531124488282,lachen
2023-10-03 01:10:00,0.40560992060416756,mangan
2023-10-03 01:20:00,0.22082135674605088,gyalshing
2023-10-03 01:30:00,0.21302598730391756,gangtok
2023-10-03 01:40:00,0.3442089740427913,chungthang
2023-10-03 01:50:00,0.21783393572770546,singtam
2023-10-03 02:00:00,0.18339531361038353,mangan
2023-10-03 02:10:00,0.3502728773197636,gangtok
2023-10-03 02:20:00,0.17386039670271652,lachen
2023-10-03 02:30:00,0.27962524819089063,mangan
2023-10-03 02:40:00,0.2943676081375061,dikchu
2023-10-03 02:50:00,0.19652889157512193,gangtok
2023-10-03 03:00:00,0.15799546248748586,gyalshing
2023-10-03 03:10:00,0.17126182117989866,mangan
2023-10-03 03:20:00,0.2051931822397334,chungthang
2023-10-03 03:30:00,0.1556517654849176,dikchu
2023-10-03 03:40:00,0.21064945369069754,mangan
2023-10-03 03:50:00,0.22590712231812357,gangtok
2023-10-03 04:00:00,0.23777371121420754,mangan
2023-10-03 04:10:00,0.20019001881851148,singtam
2023-10-03 04:20:00,0.2999049797897067,dikchu
2023-10-03 04:30:00,0.1713343281224354,gangtok
2023-10-03 04:40:00,0.2909686165316145,gyalshing
2023-10-03 04:50:00,0.1605777744978454,singtam
2023-10-03 05:00:00,0.3450941416742306,chungthang
2023-10-03 05:10:00,0.2462009225180793,gangtok
2023-10-03 05:20:00,0.23733014559710902,singtam
2023-10-03 05:30:00,0.26399622372788795,dikchu
2023-10-03 05:40:00,0.1881395571234308,lachen
2023-10-03 05:50:00,0.28998599122167096,lachen
2023-10-03 06:00:00,0.2131271430782568,lachen
2023-10-03 06:10:00,0.17912144862590376,gangtok
2023-10-03 06:20:00,0.35011383435169136,mangan
2023-10-03 06:30:00,0.2481134636855124,lachen
2023-10-03 06:40:00,0.5015044342822214,gyalshing
2023-10-03 06:50:00,0.21179175622120552,gangtok
2023-10-03 07:00:00,0.2585422773118854,mangan
2023-10-03 07:10:00,0.2198309080822349,lachen
2023-10-03 07:20:00,0.22345620724222404,chungthang
2023-10-03 07:30:00,0.34275008038475246,lachen
2023-10-03 07:40:00,0.2471157610391944,gyalshing
2023-10-03 07:50:00,0.24347073838792435,lachen
2023-10-03 08:00:00,0.29159294630896526,chungthang
2023-10-03 08:10:00,0.38273847347460965,chungthang
2023-10-03 08:20:00,0.34027635408733103,lachen
2023-10-03 08:30:00,0.2947708173910212,gangtok
2023-10-03 08:40:00,0.4441790411533606,gangtok
2023-10-03 08:50:00,0.28392622835958037,mangan
2023-10-03 09:00:00,0.33604502829511623,lachen
2023-10-03 09:10:00,0.23552269308926413,lachen
2023-10-03 09:20:00,0.38470456503344164,chungthang
2023-10-03 09:30:00,0.31696865463312407,lachen
2023-10-03 09:40:00,0.4118345475811457,singtam
2023-10-03 09:50:00,0.29261730347074894,chungthang
2023-10-03 10:00:00,0.4374579717742737,mangan
2023-10-03 10:10:00,0.3812103902133389,lachen
2023-10-03 10:20:00,0.32854357701900105,chungthang
2023-10-03 10:30:00,0.37683423394569526,singtam
2023-10-03 10:40:00,0.39182517140180345,mangan
2023-10-03 10:50:00,0.28393206479820465,lachen
2023-10-03 11:00:00,0.4415236609121272,singtam
2023-10-03 11:10:00,0.31370811547054245,lachen
2023-10-03 11:20:00,0.39904067750302197,chungthang
2023-10-03 11:30:00,0.357307546890754,mangan
2023-10-03 11:40:00,0.3752653873571724,chungthang
2023-10-03 11:50:00,0.3843389020757394,singtam
2023-10-03 12:00:00,0.42882683459207704,lachen
2023-10-03 12:10:00,0.30384126305897124,gangtok
2023-10-03 12:20:00,0.4421561842801192,gangtok
2023-10-03 12:30:00,0.3563334351892168,gangtok
2023-10-03 12:40:00,0.4993393942108349,gangtok
2023-10-03 12:50:00,0.3650308538558591,gangtok
2023-10-03 13:00:00,0.5599486424165464,gyalshing
2023-10-03 13:10:00,0.4804293437098524,gangtok
2023-10-03 13:20:00,0.41324116658976956,gyalshing
2023-10-03 13:30:00,0.47306736108152053,gangtok
2023-10-03 13:40:00,0.4035923153103871,gangtok
2023-10-03 13:50:00,0.4488145892711885,gangtok
2023-10-03 14:00:00,0.42248078230039,gangtok
2023-10-03 14:10:00,0.6237227115022508,gangtok
2023-10-03 14:20:00,0.45360954410144233,gangtok
2023-10-03 14:30:00,0.43888754953976633,gangtok
2023-10-03 14:40:00,0.46529876510176854,gangtok
2023-10-03 14:50:00,0.4402885619816,gangtok
2023-10-03 15:00:00,0.4198434854607363,gangtok
2023-10-03 15:10:00,0.5452928347793687,gyalshing
2023-10-03 15:20:00,0.47114731026121365,gyalshing
2023-10-03 15:30:00,0.4343360778337202,singtam
2023-10-03 15:40:00,0.7092460104807172,gyalshing
2023-10-03 15:50:00,0.41514492177580153,gangtok
2023-10-03 16:00:00,0.422851236583057,gangtok
2023-10-03 16:10:00,0.537670947073461,gangtok
2023-10-03 16:20:00,0.4110665479221822,gangtok
2023-10-03 16:30:00,0.4317275013899438,gangtok
2023-10-03 16:40:00,0.49123922797604375,gyalshing
2023-10-03 16:50:00,0.40672882785754927,gyalshing
2023-10-03 17:00:00,0.4987010713408149,gangtok
2023-10-03 17:10:00,0.4812463433206916,gyalshing
2023-10-03 17:20:00,0.5892887259231675,gyalshing
2023-10-03 17:30:00,0.6079986772690384,gyalshing
2023-10-03 17:40:00,0.38405519997324117,mangan
2023-10-03 17:50:00,0.35826356167526213,gangtok
2023-10-03 18:00:00,0.35880870301919826,gangtok
2023-10-03 18:10:00,0.4444431457813287,gangtok
2023-10-03 18:20:00,0.3869164982947084,singtam
2023-10-03 18:30:00,0.5511266561249866,gyalshing
2023-10-03 18:40:00,0.4315038462877752,gyalshing
2023-10-03 18:50:00,0.38867142784462005,gangtok
2023-10-03 19:00:00,0.5437391425398312,gyalshing
2023-10-03 19:10:00,0.45774521946905583,gangtok
2023-10-03 19:20:00,0.37073153285364424,gyalshing
2023-10-03 19:30:00,0.4058917072138708,gangtok
2023-10-03 19:40:00,0.4094709315814847,gangtok
2023-10-03 19:50:00,0.42469367900599275,gyalshing
2023-10-03 20:00:00,0.3232011136386251,gangtok
2023-10-03 20:10:00,0.3176921388537798,gangtok
2023-10-03 20:20:00,0.3627844734060639,singtam
2023-10-03 20:30:00,0.360132936091665,gyalshing
2023-10-03 20:40:00,0.2775711849687298,gangtok
2023-10-03 20:50:00,0.31886811249463487,gyalshing
2023-10-03 21:00:00,0.41811631478508565,gangtok
2023-10-03 21:10:00,0.2693451140116705,gangtok
2023-10-03 21:20:00,0.4967779186609946,gyalshing
2023-10-03 21:30:00,0.27194022674573537,gyalshing
2023-10-03 21:40:00,0.2834717974548978,gangtok
2023-10-03 21:50:00,0.5283057277966875,gangtok
2023-10-03 22:00:00,0.42036583876453354,gyalshing
2023-10-03 22:10:00,0.3017136221393466,mangan
2023-10-03 22:20:00,0.2316086875184732,gangtok
2023-10-03 22:30:00,0.34771244162213916,gyalshing
2023-10-03 22:40:00,0.2809057581906774,mangan
2023-10-03 22:50:00,0.2687975888602738,singtam
2023-10-03 23:00:00,0.2870570624711957,chungthang
2023-10-03 23:10:00,0.2404291694095825,gyalshing
2023-10-03 23:20:00,0.24709246741551524,dikchu
2023-10-03 23:30:00,0.22945198919455112,mangan
2023-10-03 23:40:00,0.2880401530822854,lachen
2023-10-03 23:50:00,0.3063399887686437,gyalshing
2023-10-04 00:00:00,0.29618484816583085,dikchu
2023-10-04 00:10:00,0.4144570226295842,gyalshing
2023-10-04 00:20:00,0.5701651422984798,chungthang
2023-10-04 00:30:00,0.21127965336599322,lachen
2023-10-04 00:40:00,0.2838301801699578,mangan
2023-10-04 00:50:00,0.3271393104933862,chungthang
2023-10-04 01:00:00,0.2908177451191994,dikchu
2023-10-04 01:10:00,0.31876468620719567,chungthang
2023-10-04 01:20:00,0.806085098594511,lachen
2023-10-04 01:30:00,0.9882277776164285,lachen
2023-10-04 01:40:00,0.999999999982486,lachen
2023-10-04 01:50:00,0.9669508464629338,lachen
2023-10-04 02:00:00,0.8116757210919495,lachen
2023-10-04 02:10:00,0.6083427753284757,chungthang
2023-10-04 02:20:00,0.4311402241763698,chungthang
2023-10-04 02:30:00,0.30694589470527645,chungthang
2023-10-04 02:40:00,0.34388439985346575,chungthang
2023-10-04 02:50:00,0.9997101428218933,chungthang
2023-10-04 03:00:00,0.961391274093877,chungthang
2023-10-04 03:10:00,0.7825408031139721,chungthang
2023-10-04 03:20:00,0.717298691161547,chungthang
2023-10-04 03:30:00,0.5767694250089586,mangan
2023-10-04 03:40:00,0.4569267132323853,mangan
2023-10-04 03:50:00,0.9976629729369443,mangan
2023-10-04 04:00:00,0.9235396372714447,mangan
2023-10-04 04:10:00,0.7709692141763815,mangan
2023-10-04 04:20:00,0.6903642259252037,mangan
2023-10-04 04:30:00,0.38911326776451394,mangan
2023-10-04 04:40:00,0.17446249400601352,dikchu
2023-10-04 04:50:00,0.1548705606430731,singtam
2023-10-04 05:00:00,0.20773305645741963,singtam
2023-10-04 05:10:00,0.14467593203554532,singtam
2023-10-04 05:20:00,0.8035967761604608,dikchu
2023-10-04 05:30:00,0.8001114335338452,dikchu
2023-10-04 05:40:00,0.42397552362042007,dikchu
2023-10-04 05:50:00,0.5720513408993773,dikchu
2023-10-04 06:00:00,0.5245475521873749,dikchu
2023-10-04 06:10:00,0.44702889858564593,dikchu
2023-10-04 06:20:00,0.6453159296523201,singtam
2023-10-04 06:30:00,0.36821212150934507,singtam
2023-10-04 06:40:00,0.5430584585564721,singtam
2023-10-04 06:50:00,0.450445753668507,singtam
2023-10-04 07:00:00,0.43194396240781263,singtam
2023-10-04 07:10:00,0.34315852291710774,singtam
2023-10-04 07:20:00,0.45377773605809046,singtam
2023-10-04 07:30:00,0.1242475903708038,dikchu
2023-10-04 07:40:00,0.15815715081916576,singtam
2023-10-04 07:50:00,0.16484972258252134,dikchu
2023-10-04 08:00:00,0.1560493127960446,dikchu
2023-10-04 08:10:00,0.1428328628628325,dikchu
2023-10-04 08:20:00,0.17222570617418775,dikchu
2023-10-04 08:30:00,0.2354295217032123,gangtok
2023-10-04 08:40:00,0.15198974336305363,singtam
2023-10-04 08:50:00,0.12247934402756024,singtam
2023-10-04 09:00:00,0.14445856588121517,singtam
2023-10-04 09:10:00,0.1303582420848327,gyalshing
2023-10-04 09:20:00,0.2029461475838805,gyalshing
2023-10-04 09:30:00,0.13021388846509308,singtam
2023-10-04 09:40:00,0.12357132182144845,gangtok
2023-10-04 09:50:00,0.20067867792311256,singtam
2023-10-04 10:00:00,0.17548851278909425,gangtok
2023-10-04 10:10:00,0.16471971750202313,gangtok
2023-10-04 10:20:00,0.13175768612119992,dikchu
2023-10-04 10:30:00,0.1715275446206922,singtam
2023-10-04 10:40:00,0.15848757438559274,singtam
2023-10-04 10:50:00,0.12442324029440098,gyalshing
2023-10-04 11:00:00,0.14235418249898518,mangan
2023-10-04 11:10:00,0.14391567672049982,singtam
2023-10-04 11:20:00,0.11920292202211755,chungthang
2023-10-04 11:30:00,0.17613856804632297,gangtok
2023-10-04 11:40:00,0.1273212429748978,chungthang
2023-10-04 11:50:00,0.1858893760284778,singtam
2023-10-04 12:00:00,0.12213362856416358,mangan
2023-10-04 12:10:00,0.2659925560080612,gangtok
2023-10-04 12:20:00,0.13843507974964325,singtam
2023-10-04 12:30:00,0.15510185195003673,gangtok
2023-10-04 12:40:00,0.15476124994763246,dikchu
2023-10-04 12:50:00,0.18649076390030173,gyalshing
2023-10-04 13:00:00,0.23732139180388073,gangtok
2023-10-04 13:10:00,0.13732718125661084,dikchu
2023-10-04 13:20:00,0.15268485325035594,dikchu
2023-10-04 13:30:00,0.13645025623028925,singtam
2023-10-04 13:40:00,0.11920292202211755,chungthang
2023-10-04 13:50:00,0.19968587568568466,gangtok
2023-10-04 14:00:00,0.15634868112606673,dikchu
2023-10-04 14:10:00,0.12495200276517285,gangtok
2023-10-04 14:20:00,0.18806408575083483,dikchu
2023-10-04 14:30:00,0.1238404289242721,singtam
2023-10-04 14:40:00,0.1762102589930055,gyalshing
2023-10-04 14:50:00,0.18896604311031476,gangtok
2023-10-04 15:00:00,0.17139819855375352,gangtok
2023-10-04 15:10:00,0.17418032879103065,gyalshing
2023-10-04 15:20:00,0.13069906864360062,mangan
2023-10-04 15:30:00,0.19639758043064331,singtam
2023-10-04 15:40:00,0.14386170133524004,singtam
2023-10-04 15:50:00,0.1521160583225211,dikchu
2023-10-04 16:00:00,0.1878333072332756,gangtok
2023-10-04 16:10:00,0.15677934806327912,dikchu
2023-10-04 16:20:00,0.1481083632004409,gangtok
2023-10-04 16:30:00,0.16739181306642203,gyalshing
2023-10-04 16:40:00,0.12731622935808481,dikchu
2023-10-04 16:50:00,0.1278860909008811,dikchu
2023-10-04 17:00:00,0.18088245729308275,gyalshing
2023-10-04 17:10:00,0.1759375700966023,singtam
2023-10-04 17:20:00,0.13380511924823874,dikchu
2023-10-04 17:30:00,0.15053291459350152,singtam
2023-10-04 17:40:00,0.2554371475974435,gangtok
2023-10-04 17:50:00,0.12385472098732725,lachen
2023-10-04 18:00:00,0.14200788026756261,dikchu
2023-10-04 18:10:00,0.1390473614091074,dikchu
2023-10-04 18:20:00,0.13261305923791553,dikchu
2023-10-04 18:30:00,0.17155139952740578,gangtok
2023-10-04 18:40:00,0.1692993440568648,singtam
2023-10-04 18:50:00,0.15525120046315072,dikchu
2023-10-04 19:00:00,0.162805127217096,singtam
2023-10-04 19:10:00,0.168077279472461,singtam
2023-10-04 19:20:00,0.15703604173034513,singtam
2023-10-04 19:30:00,0.17937568096415868,singtam
2023-10-04 19:40:00,0.12619981802880698,dikchu
2023-10-04 19:50:00,0.12462869849135157,mangan
2023-10-04 20:00:00,0.14240087279089533,singtam
2023-10-04 20:10:00,0.13087434870228107,mangan
2023-10-04 20:20:00,0.1929526503250111,gyalshing
2023-10-04 20:30:00,0.2241158102070804,gangtok
2023-10-04 20:40:00,0.1768029856760483,gyalshing
2023-10-04 20:50:00,0.14497474951464853,dikchu
2023-10-04 21:00:00,0.14084497035358157,mangan
2023-10-04 21:10:00,0.18408451672902432,gangtok
2023-10-04 21:20:00,0.13965092384205732,mangan
2023-10-04 21:30:00,0.1651585770957861,singtam
2023-10-04 21:40:00,0.15467627499486689,gyalshing
2023-10-04 21:50:00,0.1377064224918909,mangan
2023-10-04 22:00:00,0.14757047659431186,dikchu
2023-10-04 22:10:00,0.15216770410343908,dikchu
2023-10-04 22:20:00,0.19776617626719073,gyalshing
2023-10-04 22:30:00,0.18156703681908354,singtam
2023-10-04 22:40:00,0.12907394568318006,dikchu
2023-10-04 22:50:00,0.25856603390035265,dikchu
2023-10-04 23:00:00,0.12737559952963662,gyalshing
2023-10-04 23:10:00,0.12409074249790715,gangtok
2023-10-04 23:20:00,0.13657371490763984,singtam
2023-10-04 23:30:00,0.1419394836731394,singtam
2023-10-04 23:40:00,0.1628981514110427,gangtok
2023-10-04 23:50:00,0.19687179946231398,gyalshing
2023-10-05 00:00:00,0.2794784594667906,gyalshing
2023-10-05 00:10:00,0.1413319053388845,gyalshing
2023-10-05 00:20:00,0.18849608649437086,gangtok
2023-10-05 00:30:00,0.18842961869847177,gyalshing
2023-10-05 00:40:00,0.22625409868897967,gyalshing
2023-10-05 00:50:00,0.14079509385167693,dikchu
2023-10-05 01:00:00,0.14763522472637752,singtam
2023-10-05 01:10:00,0.19023384190798096,gyalshing
2023-10-05 01:20:00,0.19566388751211058,dikchu
2023-10-05 01:30:00,0.1519055813452529,dikchu
2023-10-05 01:40:00,0.1464796498408903,dikchu
2023-10-05 01:50:00,0.12236989062869964,lachen
2023-10-05 02:00:00,0.20174604948749122,gyalshing
2023-10-05 02:10:00,0.18614939295898167,lachen
2023-10-05 02:20:00,0.1432920701380614,gangtok
2023-10-05 02:30:00,0.2537439768758262,lachen
2023-10-05 02:40:00,0.15301113462614527,gangtok
2023-10-05 02:50:00,0.20266717733784403,lachen
2023-10-05 03:00:00,0.23913200310362695,singtam
2023-10-05 03:10:00,0.14538436896666276,chungthang
2023-10-05 03:20:00,0.18925846444693886,lachen
2023-10-05 03:30:00,0.1504400982377911,gangtok
2023-10-05 03:40:00,0.16628907392112752,dikchu
2023-10-05 03:50:00,0.21192430270129112,chungthang
2023-10-05 04:00:00,0.21145418464837193,lachen
2023-10-05 04:10:00,0.18283978120882913,chungthang
2023-10-05 04:20:00,0.22512392546495721,chungthang
2023-10-05 04:30:00,0.15522134826240339,chungthang
2023-10-05 04:40:00,0.20962732230193426,lachen
2023-10-05 04:50:00,0.23055871363978742,chungthang
2023-10-05 05:00:00,0.23475186264472525,lachen
2023-10-05 05:10:00,0.20893676567140596,mangan
2023-10-05 05:20:00,0.22282698014850802,chungthang
2023-10-05 05:30:00,0.19144225270737947,gangtok
2023-10-05 05:40:00,0.1998760154760558,mangan
2023-10-05 05:50:00,0.1572501747674254,gangtok
2023-10-05 06:00:00,0.2594217474204299,mangan
2023-10-05 06:10:00,0.18534731234681104,chungthang
2023-10-05 06:20:00,0.20126900657351166,gangtok
2023-10-05 06:30:00,0.27217545595362935,lachen
2023-10-05 06:40:00,0.25966970291751595,chungthang
2023-10-05 06:50:00,0.30528804206677546,dikchu
2023-10-05 07:00:00,0.2936224580468441,gyalshing
2023-10-05 07:10:00,0.2439994785407521,singtam
2023-10-05 07:20:00,0.24011840343265095,lachen
2023-10-05 07:30:00,0.25379766018193456,dikchu
2023-10-05 07:40:00,0.2159234582310159,gyalshing
2023-10-05 07:50:00,0.15273469740761486,chungthang
2023-10-05 08:00:00,0.21899258512747427,singtam
2023-10-05 08:10:00,0.2735625225018695,gyalshing
2023-10-05 08:20:00,0.2382798635094588,gangtok
2023-10-05 08:30:00,0.31877131473060427,gyalshing
2023-10-05 08:40:00,0.20251693179424757,chungthang
2023-10-05 08:50:00,0.22626342082698597,dikchu
2023-10-05 09:00:00,0.2603104612466779,gangtok
2023-10-05 09:10:00,0.21724785301685023,chungthang
2023-10-05 09:20:00,0.1601226784776806,dikchu
2023-10-05 09:30:00,0.22784093611113382,singtam
2023-10-05 09:40:00,0.19410478972160192,dikchu
2023-10-05 09:50:00,0.24655631908849757,gangtok
2023-10-05 10:00:00,0.25688925636046844,gangtok
2023-10-05 10:10:00,0.22460076637246346,gyalshing
2023-10-05 10:20:00,0.2963891065637867,gangtok
2023-10-05 10:30:00,0.23186521430028148,mangan
2023-10-05 10:40:00,0.340634789147697,gyalshing
2023-10-05 10:50:00,0.290518971709173,dikchu
2023-10-05 11:00:00,0.31525682462803695,gyalshing
2023-10-05 11:10:00,0.21048124628890547,mangan
2023-10-05 11:20:00,0.17208623149498367,gangtok
2023-10-05 11:30:00,0.3712880524668887,singtam
2023-10-05 11:40:00,0.22139624291993915,chungthang
2023-10-05 11:50:00,0.23041347769466203,mangan
2023-10-05 12:00:00,0.1684589113572994,dikchu
2023-10-05 12:10:00,0.24209778755724137,dikchu
2023-10-05 12:20:00,0.21212397818062945,chungthang
2023-10-05 12:30:00,0.25703890648286976,mangan
2023-10-05 12:40:00,0.2038595328315619,mangan
2023-10-05 12:50:00,0.29837193859788075,lachen
2023-10-05 13:00:00,0.6036427663319616,gyalshing
2023-10-05 13:10:00,0.2526176447219833,mangan
2023-10-05 13:20:00,0.18653852246327898,chungthang
2023-10-05 13:30:00,0.22308959533016243,singtam
2023-10-05 13:40:00,0.15350702703400604,gangtok
2023-10-05 13:50:00,0.19143555873592483,singtam
2023-10-05 14:00:00,0.2100851016833487,lachen
2023-10-05 14:10:00,0.1668899466359838,dikchu
2023-10-05 14:20:00,0.20639345137071183,dikchu
2023-10-05 14:30:00,0.4099916247711199,gangtok
2023-10-05 14:40:00,0.3046155528645272,mangan
2023-10-05 14:50:00,0.30224815948747774,singtam
2023-10-05 15:00:00,0.15979209774473677,lachen
2023-10-05 15:10:00,0.2229394649673086,dikchu
2023-10-05 15:20:00,0.27498681961876964,gyalshing
2023-10-05 15:30:00,0.27966318270210355,lachen
2023-10-05 15:40:00,0.27749394656433035,dikchu
2023-10-05 15:50:00,0.18453289656898178,dikchu
2023-10-05 16:00:00,0.24517903836097976,singtam
2023-10-05 16:10:00,0.23623277531928677,dikchu
2023-10-05 16:20:00,0.21533200884843004,gyalshing
2023-10-05 16:30:00,0.21895345522429568,mangan
2023-10-05 16:40:00,0.2122081219417576,gyalshing
2023-10-05 16:50:00,0.22403799331917842,chungthang
2023-10-05 17:00:00,0.19371038666035123,dikchu
2023-10-05 17:10:00,0.15978970655373928,lachen
2023-10-05 17:20:00,0.2625555266081282,lachen
2023-10-05 17:30:00,0.2222073303675614,chungthang
2023-10-05 17:40:00,0.25948467518755003,mangan
2023-10-05 17:50:00,0.1520813103956127,lachen
2023-10-05 18:00:00,0.37930219272058824,gangtok
2023-10-05 18:10:00,0.37425541328398804,singtam
2023-10-05 18:20:00,0.1896428289181732,gyalshing
2023-10-05 18:30:00,0.2221118999051687,mangan
2023-10-05 18:40:00,0.24453669269131775,gangtok
2023-10-05 18:50:00,0.1526880691734104,chungthang
2023-10-05 19:00:00,0.19694238597928232,lachen
2023-10-05 19:10:00,0.19899606639331996,gyalshing
2023-10-05 19:20:00,0.161319298198271,gyalshing
2023-10-05 19:30:00,0.28933708524529184,singtam
2023-10-05 19:40:00,0.22018876776959176,mangan
2023-10-05 19:50:00,0.6321042100697759,gyalshing
2023-10-05 20:00:00,0.440492539794811,lachen
2023-10-05 20:10:00,0.2017458394286319,gangtok
2023-10-05 20:20:00,0.21245292828269682,chungthang
2023-10-05 20:30:00,0.17166586626846786,dikchu
2023-10-05 20:40:00,0.19668061224963185,mangan
2023-10-05 20:50:00,0.320162990482017,lachen
2023-10-05 21:00:00,0.2558259190493501,gangtok
2023-10-05 21:10:00,0.20436420657482327,chungthang
2023-10-05 21:20:00,0.30827619463206096,mangan
2023-10-05 21:30:00,0.16159007178627774,gyalshing
2023-10-05 21:40:00,0.22477268965726543,gyalshing
2023-10-05 21:50:00,0.23749883917789338,mangan
2023-10-05 22:00:00,0.17671164018252034,lachen
2023-10-05 22:10:00,0.21101718071339373,dikchu
2023-10-05 22:20:00,0.25274807389842313,lachen
2023-10-05 22:30:00,0.17332989512761532,gangtok
2023-10-05 22:40:00,0.18662943859973535,lachen
2023-10-05 22:50:00,0.21075028741103685,dikchu
2023-10-05 23:00:00,0.20180446236096078,mangan
2023-10-05 23:10:00,0.3126997167760377,gangtok
2023-10-05 23:20:00,0.31563414497233727,lachen
2023-10-05 23:30:00,0.17588079501666382,mangan
2023-10-05 23:40:00,0.2684785431837091,gangtok
2023-10-05 23:50:00,0.2335911907877517,dikchu
2023-10-06 00:00:00,0.2516402391106801,lachen
2023-10-06 00:10:00,0.2211931683303188,lachen
2023-10-06 00:20:00,0.29143627182969817,gangtok
2023-10-06 00:30:00,0.22057387144068036,mangan
2023-10-06 00:40:00,0.33796462120640014,gyalshing
2023-10-06 00:50:00,0.1978501059640175,gyalshing
2023-10-06 01:00:00,0.4728600348096594,gangtok
2023-10-06 01:10:00,0.248616024162182,mangan
2023-10-06 01:20:00,0.21686283468227366,lachen
2023-10-06 01:30:00,0.282492107925005,gyalshing
2023-10-06 01:40:00,0.16346300261778013,gangtok
2023-10-06 01:50:00,0.18854429950538582,gyalshing
2023-10-06 02:00:00,0.33063247928493916,singtam
2023-10-06 02:10:00,0.18299830185067437,chungthang
2023-10-06 02:20:00,0.23751375255393237,lachen
2023-10-06 02:30:00,0.17681272563414172,gyalshing
2023-10-06 02:40:00,0.20264857062416913,gyalshing
2023-10-06 02:50:00,0.23464821270193623,gyalshing
2023-10-06 03:00:00,0.19345901625559053,gyalshing
2023-10-06 03:10:00,0.2713207267464862,mangan
2023-10-06 03:20:00,0.17785756655682358,lachen
2023-10-06 03:30:00,0.3460552909214717,singtam
2023-10-06 03:40:00,0.2433392310215166,lachen
2023-10-06 03:50:00,0.22342170424194507,chungthang
2023-10-06 04:00:00,0.1845037843236128,chungthang
2023-10-06 04:10:00,0.20055905195154852,mangan
2023-10-06 04:20:00,0.20227988827063512,dikchu
2023-10-06 04:30:00,0.4473448310765086,gangtok
2023-10-06 04:40:00,0.22808156810825603,chungthang
2023-10-06 04:50:00,0.25430988151499867,gyalshing
2023-10-06 05:00:00,0.3444344692601497,chungthang
2023-10-06 05:10:00,0.2800749279324969,dikchu
2023-10-06 05:20:00,0.24293843845527688,chungthang
2023-10-06 05:30:00,0.2205438313617533,chungthang
2023-10-06 05:40:00,0.20389308206675685,chungthang
2023-10-06 05:50:00,0.24438755334237572,chungthang
2023-10-06 06:00:00,0.235024228086108,gangtok
2023-10-06 06:10:00,0.28014724785568473,mangan
2023-10-06 06:20:00,0.18192438116170975,dikchu
2023-10-06 06:30:00,0.20768970938848424,chungthang
2023-10-06 06:40:00,0.2528043659897073,gangtok
2023-10-06 06:50:00,0.22996848211937415,singtam
2023-10-06 07:00:00,0.17298120930130909,singtam
2023-10-06 07:10:00,0.18295015361338135,chungthang
2023-10-06 07:20:00,0.33062526663268715,mangan
2023-10-06 07:30:00,0.22798614034656906,chungthang
2023-10-06 07:40:00,0.1861678275791935,singtam
2023-10-06 07:50:00,0.24548553430146797,gyalshing
2023-10-06 08:00:00,0.5769720458366098,gangtok
2023-10-06 08:10:00,0.26949681220509786,gangtok
2023-10-06 08:20:00,0.1980373978076031,chungthang
2023-10-06 08:30:00,0.19692738475364013,dikchu
2023-10-06 08:40:00,0.18088071639745987,dikchu
2023-10-06 08:50:00,0.23362279304209888,dikchu
2023-10-06 09:00:00,0.2662459300376379,gangtok
2023-10-06 09:10:00,0.2546223786785391,chungthang
2023-10-06 09:20:00,0.15822542362807474,dikchu
2023-10-06 09:30:00,0.14957313647043355,mangan
2023-10-06 09:40:00,0.24219365126402306,dikchu
2023-10-06 09:50:00,0.2771319906841489,mangan
2023-10-06 10:00:00,0.1729163373110695,chungthang
2023-10-06 10:10:00,0.17483285601462606,gangtok
2023-10-06 10:20:00,0.2042307303578536,lachen
2023-10-06 10:30:00,0.31918291821419464,mangan
2023-10-06 10:40:00,0.16939552899374147,gangtok
2023-10-06 10:50:00,0.6485597612493527,gyalshing
2023-10-06 11:00:00,0.23103522020023984,gangtok
2023-10-06 11:10:00,0.26277828732139885,lachen
2023-10-06 11:20:00,0.3471081899033971,singtam
2023-10-06 11:30:00,0.17506378935619477,dikchu
2023-10-06 11:40:00,0.21754674825489448,mangan
2023-10-06 11:50:00,0.24810882114656155,singtam
2023-10-06 12:00:00,0.19978868108547948,dikchu
2023-10-06 12:10:00,0.14669295538720437,singtam
2023-10-06 12:20:00,0.18403513095027751,lachen
2023-10-06 12:30:00,0.2780015624805941,gyalshing
2023-10-06 12:40:00,0.21921759227076446,mangan
2023-10-06 12:50:00,0.23793864508006304,chungthang
2023-10-06 13:00:00,0.22752155508750402,mangan
2023-10-06 13:10:00,0.3098151322054955,mangan
2023-10-06 13:20:00,0.3033092128292326,mangan
2023-10-06 13:30:00,0.20073220654967755,mangan
2023-10-06 13:40:00,0.23893125250370734,chungthang
2023-10-06 13:50:00,0.27125770494029366,lachen
2023-10-06 14:00:00,0.22460531498921607,singtam
2023-10-06 14:10:00,0.21193065751410184,mangan
2023-10-06 14:20:00,0.1899244441460544,chungthang
2023-10-06 14:30:00,0.23424841569745045,dikchu
2023-10-06 14:40:00,0.4854233412071213,lachen
2023-10-06 14:50:00,0.34436190744672873,dikchu
2023-10-06 15:00:00,0.18107339707453052,lachen
2023-10-06 15:10:00,0.2928546842030429,chungthang
2023-10-06 15:20:00,0.2568883419211926,mangan
2023-10-06 15:30:00,0.21123823160002497,dikchu
2023-10-06 15:40:00,0.22559256904326305,chungthang
2023-10-06 15:50:00,0.1825982765825757,lachen
2023-10-06 16:00:00,0.15583099856736524,lachen
2023-10-06 16:10:00,0.2710637314176124,chungthang
2023-10-06 16:20:00,0.3311434448459546,singtam
2023-10-06 16:30:00,0.39064542883674425,gyalshing
2023-10-06 16:40:00,0.16937548661587423,chungthang
2023-10-06 16:50:00,0.16908130655199632,mangan
2023-10-06 17:00:00,0.20456909313239918,chungthang
2023-10-06 17:10:00,0.2091814209650127,mangan
2023-10-06 17:20:00,0.23483224310741088,dikchu
2023-10-06 17:30:00,0.13067684771675175,gangtok
2023-10-06 17:40:00,0.19957654995534996,dikchu
2023-10-06 17:50:00,0.22917015832638024,singtam
2023-10-06 18:00:00,0.1703829086383729,chungthang
2023-10-06 18:10:00,0.15009878106734087,chungthang
2023-10-06 18:20:00,0.3192996224284724,singtam
2023-10-06 18:30:00,0.30576105938724635,gangtok
2023-10-06 18:40:00,0.1906185896764457,mangan
2023-10-06 18:50:00,0.1387810953180305,singtam
2023-10-06 19:00:00,0.29567937394245736,lachen
2023-10-06 19:10:00,0.15585619349661475,mangan
2023-10-06 19:20:00,0.2056072044984891,chungthang
2023-10-06 19:30:00,0.15829973181114307,chungthang
2023-10-06 19:40:00,0.23402533362818714,gyalshing
2023-10-06 19:50:00,0.22967352834741606,gyalshing
2023-10-06 20:00:00,0.16565101760998688,lachen
2023-10-06 20:10:00,0.17895695323360206,lachen
2023-10-06 20:20:00,0.24423381427027363,dikchu
2023-10-06 20:30:00,0.15947063439509168,gangtok
2023-10-06 20:40:00,0.25363737648827606,singtam
2023-10-06 20:50:00,0.2473906043904046,dikchu
2023-10-06 21:00:00,0.2026557521469628,singtam
2023-10-06 21:10:00,0.44376668711127926,gyalshing
2023-10-06 21:20:00,0.177644898627323,lachen
2023-10-06 21:30:00,0.26824293129299204,gyalshing
2023-10-06 21:40:00,0.2989806799194329,chungthang
2023-10-06 21:50:00,0.1676022701884659,singtam
2023-10-06 22:00:00,0.2182619532059213,gangtok
2023-10-06 22:10:00,0.23195006210241478,mangan
2023-10-06 22:20:00,0.19578465089994465,gangtok
2023-10-06 22:30:00,0.1871658793929695,mangan
2023-10-06 22:40:00,0.3205578510210105,gangtok
2023-10-06 22:50:00,0.28133222197560387,mangan
2023-10-06 23:00:00,0.26672149368681486,gangtok
2023-10-06 23:10:00,0.34235232382311753,chungthang
2023-10-06 23:20:00,0.22861758222574197,lachen
2023-10-06 23:30:00,0.15097955431533466,chungthang
2023-10-06 23:40:00,0.22579135995339186,gyalshing
2023-10-06 23:50:00,0.2095635085336789,singtam
